{
  "disasters": [
    {
      "id": "1",
      "namaBencana": "Erupsi Gunung Merapi 2006",
      "lokasi": "Boyolali, Jawa Tengah",
      "tanggal": "2006-05-14",
      "keparahan": "Tinggi",
      "jumlahKorban": 5
    },
    {
      "id": "2",
      "namaBencana": "Erupsi Gunung Merapi 1994",
      "lokasi": "Magelang, Jawa Tengah",
      "tanggal": "1994-11-22",
      "keparahan": "Tinggi",
      "jumlahKorban": 64
    },
    {
      "id": "3",
      "namaBencana": "Erupsi Gunung Merapi 1984",
      "lokasi": "Boyolali, Jawa Tengah",
      "tanggal": "1984-07-15",
      "keparahan": "Sedang",
      "jumlahKorban": 2
    },
    {
      "id": "4",
      "namaBencana": "Erupsi Gunung Merapi 1974",
      "lokasi": "Sleman, Yogyakarta",
      "tanggal": "1974-01-15",
      "keparahan": "Sedang",
      "jumlahKorban": 0
    },
    {
      "id": "5",
      "namaBencana": "Erupsi Gunung Merapi 1930",
      "lokasi": "Magelang, Jawa Tengah",
      "tanggal": "1930-12-19",
      "keparahan": "Sangat Tinggi",
      "jumlahKorban": 1369
    },
    {
      "id": "6",
      "namaBencana": "Erupsi Gunung Merapi 1872",
      "lokasi": "Sleman, Yogyakarta",
      "tanggal": "1872-06-01",
      "keparahan": "Sangat Tinggi",
      "jumlahKorban": 300
    },
    {
      "id": "7",
      "namaBencana": "Erupsi Gunung Merapi 1933",
      "lokasi": "Magelang, Jawa Tengah",
      "tanggal": "1933-06-28",
      "keparahan": "Tinggi",
      "jumlahKorban": 10
    },
    {
      "id": "8",
      "namaBencana": "Erupsi Gunung Merapi 1822",
      "lokasi": "Sleman, Yogyakarta",
      "tanggal": "1822-10-10",
      "keparahan": "Sangat Tinggi",
      "jumlahKorban": 1000
    },
    {
      "id": "9",
      "namaBencana": "Erupsi Gunung Merapi 2010",
      "lokasi": "Sleman, Yogyakarta",
      "tanggal": "2010-10-26",
      "keparahan": "Sangat Tinggi",
      "jumlahKorban": 353
    },
    {
      "id": "10",
      "namaBencana": "Erupsi Gunung Merapi 2013",
      "lokasi": "Sleman, Yogyakarta",
      "tanggal": "2013-11-18",
      "keparahan": "Sedang",
      "jumlahKorban": 1
    },
    {
      "id": "11",
      "namaBencana": "Erupsi Gunung Merapi 2018",
      "lokasi": "Sleman, Yogyakarta",
      "tanggal": "2018-05-11",
      "keparahan": "Tinggi",
      "jumlahKorban": 0
    },
    {
      "id": "12",
      "namaBencana": "Erupsi Gunung Merapi 2001",
      "lokasi": "Magelang, Jawa Tengah",
      "tanggal": "2001-06-20",
      "keparahan": "Sedang",
      "jumlahKorban": 3
    },
    {
      "id": "13",
      "namaBencana": "Erupsi Gunung Merapi 1992",
      "lokasi": "Boyolali, Jawa Tengah",
      "tanggal": "1992-01-10",
      "keparahan": "Tinggi",
      "jumlahKorban": 25
    },
    {
      "id": "14",
      "namaBencana": "Erupsi Gunung Merapi 1976",
      "lokasi": "Magelang, Jawa Tengah",
      "tanggal": "1976-12-20",
      "keparahan": "Sedang",
      "jumlahKorban": 0
    },
    {
      "id": "15",
      "namaBencana": "Erupsi Gunung Merapi 1997",
      "lokasi": "Sleman, Yogyakarta",
      "tanggal": "1997-11-25",
      "keparahan": "Tinggi",
      "jumlahKorban": 15
    },
    {
      "id": "16",
      "namaBencana": "Erupsi Gunung Merapi 2004",
      "lokasi": "Sleman, Yogyakarta",
      "tanggal": "2004-11-15",
      "keparahan": "Sedang",
      "jumlahKorban": 3
    },
    {
      "id": "17",
      "namaBencana": "Erupsi Gunung Merapi 2005",
      "lokasi": "Klaten, Jawa Tengah",
      "tanggal": "2005-06-20",
      "keparahan": "Tinggi",
      "jumlahKorban": 5
    },
    {
      "id": "18",
      "namaBencana": "Erupsi Gunung Merapi 2007",
      "lokasi": "Magelang, Jawa Tengah",
      "tanggal": "2007-02-28",
      "keparahan": "Sedang",
      "jumlahKorban": 2
    },
    {
      "id": "19",
      "namaBencana": "Erupsi Gunung Merapi 2008",
      "lokasi": "Boyolali, Jawa Tengah",
      "tanggal": "2008-08-16",
      "keparahan": "Tinggi",
      "jumlahKorban": 1
    },
    {
      "id": "20",
      "namaBencana": "Erupsi Gunung Merapi 2009",
      "lokasi": "Sleman, Yogyakarta",
      "tanggal": "2009-09-25",
      "keparahan": "Tinggi",
      "jumlahKorban": 0
    },
    {
      "id": "21",
      "namaBencana": "Erupsi Gunung Merapi 2023",
      "lokasi": "Sleman, Yogyakarta",
      "tanggal": "2023-03-15",
      "keparahan": "Tinggi",
      "jumlahKorban": 12
    },
    {
      "id": "22",
      "namaBencana": "Erupsi Gunung Merapi 2023",
      "lokasi": "Magelang, Jawa Tengah",
      "tanggal": "2023-07-22",
      "keparahan": "Sedang",
      "jumlahKorban": 4
    },
    {
      "id": "23",
      "namaBencana": "Erupsi Gunung Merapi 2024",
      "lokasi": "Klaten, Jawa Tengah",
      "tanggal": "2024-01-10",
      "keparahan": "Sangat Tinggi",
      "jumlahKorban": 45
    },
    {
      "id": "24",
      "namaBencana": "Erupsi Gunung Merapi 2024",
      "lokasi": "Boyolali, Jawa Tengah",
      "tanggal": "2024-08-05",
      "keparahan": "Tinggi",
      "jumlahKorban": 10
    }
  ],
  "donations": [
    {
      "id": "1",
      "namaDonatur": "John Doe",
      "jumlahDonasi": 1000000,
      "tanggalDonasi": "2025-01-10",
      "metodePembayaran": "Transfer Bank",
      "pesan": "Semoga bermanfaat untuk korban erupsi."
    },
    {
      "id": "2",
      "namaDonatur": "Jane Smith",
      "jumlahDonasi": 2000000,
      "tanggalDonasi": "2025-01-09",
      "metodePembayaran": "E-Wallet",
      "pesan": "Bantuan untuk pemulihan infrastruktur."
    },
    {
      "id": "3",
      "namaDonatur": "PT. Berkah Sejahtera",
      "jumlahDonasi": 50000000,
      "tanggalDonasi": "2025-01-08",
      "metodePembayaran": "Transfer Bank",
      "pesan": "Bantuan untuk pembangunan tempat pengungsian."
    },
    {
      "id": "4",
      "namaDonatur": "Community ABC",
      "jumlahDonasi": 10000000,
      "tanggalDonasi": "2025-01-07",
      "metodePembayaran": "Transfer Bank",
      "pesan": "Semoga bisa membantu para korban."
    }
  ]
}